AMINO_ACID	CODONS	1_LETTER_CODE	FREQUENCY	TOTAL COUNT	SE	LSE
STOP CODON	TAA	_	1	2	0.005480785	STOP CODON
STOP CODON	TAG	_	1	2	0.004317291	
Alanine	GCA	A	3	32	0.001995996	0.001995996
Alanine	GCC	A	12	32	0.004427189	
Alanine	GCG	A	16	32	0.004427189	
Alanine	GCT	A	1	32	0.001995996	0.001995996
Aspartic acid	GAC	D	3	3	0.0066245	0.0066245
Glutamic acid	GAA	E	1	10	0.001729451	0.001729451
Glutamic acid	GAG	E	9	10	0.007209369	
Phenylalanine	TTC	F	8	8	0.007084561	0.007084561
Glycine	GGA	G	3	23	0.00244213	0.00244213
Glycine	GGC	G	8	23	0.004638534	
Glycine	GGG	G	12	23	0.005032296	
Histidine	CAC	H	4	4	0.007391617	0.007391617
Isoleucine	ATC	I	8	9	0.006196773	
Isoleucine	ATT	I	1	9	0.002817091	0.002817091
Lysine	AAA	K	1	9	0.002986469	0.002986469
Lysine	AAG	K	8	9	0.007270763	
Leucine	CTA	L	3	39	0.001412799	
Leucine	CTC	L	7	39	0.003443254	
Leucine	CTG	L	25	39	0.005730969	
Leucine	CTT	L	1	39	0.0009995	0.0009995
Leucine	TTA	L	1	39	0.001412799	
Leucine	TTG	L	2	39	0.0009995	
Methionine (START CODON)	ATG	M	4	4	0.0066245	0.0066245
Proline	CCA	P	1	10	0.001412799	0.001412799
Proline	CCG	P	9	10	0.007270763	
Glutamine	CAA	Q	1	13	0.0009995	0.0009995
Glutamine	CAG	Q	12	13	0.007021111	
Arginine	AGG	R	3	14	0.004087909	
Arginine	CGC	R	9	14	0.005125524	
Arginine	CGG	R	2	14	0.00244213	0.00244213
Serine	AGC	S	2	21	0.001729451	0.001729451
Serine	TCC	S	11	21	0.005216896	
Serine	TCG	S	8	21	0.004534203	
Threonine	ACA	T	1	20	0.001995996	0.001995996
Threonine	ACC	T	8	20	0.004427189	
Threonine	ACG	T	10	20	0.005216896	
Threonine	ACT	T	1	20	0.001995996	
Valine	GTA	V	2	30	0.001729451	0.001729451
Valine	GTC	V	6	30	0.003443254	
Valine	GTG	V	21	30	0.005394442	
Valine	GTT	V	1	30	0.001729451	0.001729451
Tryptophan	TGG	W	2	2	0.007084561	0.007084561
Tyrosine	TAC	Y	4	4	0.007021111	0.007021111
