AMINO_ACID	CODONS	1_LETTER_CODE	FREQUENCY	MLE	SE	LSE
Alanine	GCA	A	3	0.004	0.001995996	0.001995996
Alanine	GCC	A	12	0.02	0.004427189	
Alanine	GCG	A	16	0.02	0.004427189	
Alanine	GCT	A	1	0.004	0.001995996	0.001995996
Aspartic Acid	GAC	D	3	0.046	0.0066245	0.0066245
Glutamic Acid	GAA	E	1	0.003	0.001729451	0.001729451
Glutamic Acid	GAG	E	9	0.055	0.007209369	
Phenylalanine	TTC	F	8	0.053	0.007084561	0.007084561
Glycine	GGA	G	3	0.006	0.00244213	0.00244213
Glycine	GGC	G	8	0.022	0.004638534	
Glycine	GGG	G	12	0.026	0.005032296	
Histidine	CAC	H	4	0.058	0.007391617	0.007391617
Isoleucine	ATC	I	8	0.04	0.006196773	
Isoleucine	ATT	I	1	0.008	0.002817091	0.002817091
Lysine	AAA	K	1	0.009	0.002986469	0.002986469
Lysine	AAG	K	8	0.056	0.007270763	
Leucine	CTA	L	3	0.002	0.001412799	
Leucine	CTC	L	7	0.012	0.003443254	
Leucine	CTG	L	25	0.034	0.005730969	
Leucine	CTT	L	1	0.001	0.0009995	0.0009995
Leucine	TTA	L	1	0.002	0.001412799	
Leucine	TTG	L	2	0.001	0.0009995	
Proline	CCA	P	1	0.002	0.001412799	0.001412799
Proline	CCG	P	9	0.056	0.007270763	
Glutamine	CAA	Q	1	0.001	0.0009995	0.0009995
Glutamine	CAG	Q	12	0.052	0.007021111	
Arginine	AGG	R	3	0.017	0.004087909	
Arginine	CGC	R	9	0.027	0.005125524	
Arginine	CGG	R	2	0.006	0.00244213	0.00244213
Serine	AGC	S	2	0.003	0.001729451	0.001729451
Serine	TCC	S	11	0.028	0.005216896	
Serine	TCG	S	8	0.021	0.004534203	
Threonine	ACA	T	1	0.004	0.001995996	0.001995996
Threonine	ACC	T	8	0.02	0.004427189	
Threonine	ACG	T	10	0.028	0.005216896	
Threonine	ACT	T	1	0.004	0.001995996	
Valine	GTA	V	2	0.003	0.001729451	0.001729451
Valine	GTC	V	6	0.012	0.003443254	
Valine	GTG	V	21	0.03	0.005394442	
Valine	GTT	V	1	0.003	0.001729451	0.001729451
Tryptophan	TGG	W	2	0.053	0.007084561	0.007084561
Tyrosine	TAC	Y	4	0.052	0.007021111	0.007021111
